Year,Area,Value,lon,lat
2005,Alor Gajah,NA,102.1979224769679,2.3834383243094655
2005,Batu Pahat,NA,103.03651823435946,1.9253161881352923
2005,Besut,NA,102.5165548255816,5.592496148513997
2005,Bintulu,42.98314606741573,113.4643827049997,3.161374155663838
2005,Jerantut,41.58469945355191,102.55583116571206,4.257283554340091
2005,Kapit,27.719101123595507,113.5124738593169,1.841994069359952
2005,Kemaman,32.64673913043478,103.22607118177245,4.275729149898475
2005,Keningau,26.63125,116.235210531765,5.253512158027202
2005,Klang,48.61538461538461,101.38468603760631,3.0309401772397053
2005,Kota Bharu,32.95108695652174,102.26540134582463,6.0431800118057675
2005,Kota Kinabalu,28.41111111111111,116.16124699448338,6.008151152151239
2005,Kota Tinggi,50.57222222222222,103.9481044360017,1.7648911239531757
2005,Kuala Selangor,49.37362637362637,101.32683495745584,3.3888869544822664
2005,Kuala Terengganu,38.59239130434783,103.03199254228551,5.340495570132848
2005,Kuching,38.53804347826087,110.32774503616919,1.430255494852472
2005,Kulim,NA,100.64879046435199,5.401302438711189
2005,Labuan,28.065217391304348,115.21779042654252,5.30907319055571
2005,Langkawi,36.994565217391305,99.79176518355548,6.346051104610368
2005,Limbang,22.40782122905028,115.12581873479897,4.297707878503285
2005,Miri,28.482758620689655,113.83009255767992,3.872786700204331
2005,Muar,38.32065217391305,102.784470961642,2.1235410179755476
2005,Mukah,NA,112.36852928091876,2.827111406398952
2005,Port Dickson,NA,101.89188727707598,2.534686195212239
2005,Putrajaya,39.994505494505496,101.68379629061687,2.905215067905225
2005,Rompin,NA,103.1129574763459,2.8677544914379762
2005,Samarahan,38.92265193370166,110.4991036212275,1.4499356637704581
2005,Sandakan,38.25,117.99163300648534,5.766036621925741
2005,Sarikei,40.89655172413793,111.4572208036536,2.0529090715680454
2005,Segamat,NA,102.9643149327574,2.480307404961934
2005,Seremban,39.84615384615385,101.91826357112382,2.7518125840143757
2005,Sibu,36.71195652173913,111.90045643797691,2.304085541836012
2005,Sri Aman,30.071428571428573,111.50957152993533,1.2550577881827913
2005,Tanah Merah,34.48314606741573,102.03619054808736,5.752417313036922
2005,Tawau,49.91847826086956,117.63851896977503,4.483228351309785
2005,Temerloh,NA,102.26564756198214,3.5910977416483174
2006,Alor Gajah,NA,102.1979224769679,2.3834383243094655
2006,Batu Pahat,NA,103.03651823435946,1.9253161881352923
2006,Besut,NA,102.5165548255816,5.592496148513997
2006,Bintulu,48.58126721763085,113.4643827049997,3.161374155663838
2006,Jerantut,42.72275862068965,102.55583116571206,4.257283554340091
2006,Kapit,37.41863699582754,113.5124738593169,1.841994069359952
2006,Kemaman,44.114893617021274,103.22607118177245,4.275729149898475
2006,Keningau,42.178082191780824,116.235210531765,5.253512158027202
2006,Klang,56.38219178082192,101.38468603760631,3.0309401772397053
2006,Kota Bharu,39.204166666666666,102.26540134582463,6.0431800118057675
2006,Kota Kinabalu,40.84349030470914,116.16124699448338,6.008151152151239
2006,Kota Tinggi,56.705234159779614,103.9481044360017,1.7648911239531757
2006,Kuala Selangor,59.52624309392265,101.32683495745584,3.3888869544822664
2006,Kuala Terengganu,49.1,103.03199254228551,5.340495570132848
2006,Kuching,48.02066115702479,110.32774503616919,1.430255494852472
2006,Kulim,NA,100.64879046435199,5.401302438711189
2006,Labuan,34.39972527472528,115.21779042654252,5.30907319055571
2006,Langkawi,43.68225584594223,99.79176518355548,6.346051104610368
2006,Limbang,28.394736842105264,115.12581873479897,4.297707878503285
2006,Miri,33.074333800841515,113.83009255767992,3.872786700204331
2006,Muar,50.30684931506849,102.784470961642,2.1235410179755476
2006,Mukah,NA,112.36852928091876,2.827111406398952
2006,Port Dickson,NA,101.89188727707598,2.534686195212239
2006,Putrajaya,50.99441340782123,101.68379629061687,2.905215067905225
2006,Rompin,NA,103.1129574763459,2.8677544914379762
2006,Samarahan,44.21140472878999,110.4991036212275,1.4499356637704581
2006,Sandakan,39.73823529411765,117.99163300648534,5.766036621925741
2006,Sarikei,45.40084388185654,111.4572208036536,2.0529090715680454
2006,Segamat,NA,102.9643149327574,2.480307404961934
2006,Seremban,47.5068870523416,101.91826357112382,2.7518125840143757
2006,Sibu,48.28099173553719,111.90045643797691,2.304085541836012
2006,Sri Aman,48.66164383561644,111.50957152993533,1.2550577881827913
2006,Tanah Merah,39.976090014064695,102.03619054808736,5.752417313036922
2006,Tawau,54.80613668061367,117.63851896977503,4.483228351309785
2006,Temerloh,NA,102.26564756198214,3.5910977416483174
2007,Alor Gajah,NA,102.1979224769679,2.3834383243094655
2007,Batu Pahat,NA,103.03651823435946,1.9253161881352923
2007,Besut,NA,102.5165548255816,5.592496148513997
2007,Bintulu,45.333333333333336,113.4643827049997,3.161374155663838
2007,Jerantut,37.693370165745854,102.55583116571206,4.257283554340091
2007,Kapit,32.88101983002833,113.5124738593169,1.841994069359952
2007,Kemaman,39.91574585635359,103.22607118177245,4.275729149898475
2007,Keningau,39.635616438356166,116.235210531765,5.253512158027202
2007,Klang,48.896408839779006,101.38468603760631,3.0309401772397053
2007,Kota Bharu,38.94068965517241,102.26540134582463,6.0431800118057675
2007,Kota Kinabalu,37.61931034482759,116.16124699448338,6.008151152151239
2007,Kota Tinggi,53.44490358126722,103.9481044360017,1.7648911239531757
2007,Kuala Selangor,43.23249299719888,101.32683495745584,3.3888869544822664
2007,Kuala Terengganu,43.442465753424656,103.03199254228551,5.340495570132848
2007,Kuching,44.00275482093664,110.32774503616919,1.430255494852472
2007,Kulim,NA,100.64879046435199,5.401302438711189
2007,Labuan,31.803347280334727,115.21779042654252,5.30907319055571
2007,Langkawi,38.62112676056338,99.79176518355548,6.346051104610368
2007,Limbang,26.166433566433568,115.12581873479897,4.297707878503285
2007,Miri,29.57638888888889,113.83009255767992,3.872786700204331
2007,Muar,43.14794520547945,102.784470961642,2.1235410179755476
2007,Mukah,NA,112.36852928091876,2.827111406398952
2007,Port Dickson,44.1,101.89188727707598,2.534686195212239
2007,Putrajaya,44.063369397217926,101.68379629061687,2.905215067905225
2007,Rompin,NA,103.1129574763459,2.8677544914379762
2007,Samarahan,32.08839779005525,110.4991036212275,1.4499356637704581
2007,Sandakan,36.69315068493151,117.99163300648534,5.766036621925741
2007,Sarikei,38.09428571428571,111.4572208036536,2.0529090715680454
2007,Segamat,NA,102.9643149327574,2.480307404961934
2007,Seremban,40.25890410958904,101.91826357112382,2.7518125840143757
2007,Sibu,43.8707015130674,111.90045643797691,2.304085541836012
2007,Sri Aman,41.66201117318436,111.50957152993533,1.2550577881827913
2007,Tanah Merah,47.46870653685674,102.03619054808736,5.752417313036922
2007,Tawau,53.35342465753425,117.63851896977503,4.483228351309785
2007,Temerloh,NA,102.26564756198214,3.5910977416483174
2008,Alor Gajah,NA,102.1979224769679,2.3834383243094655
2008,Batu Pahat,NA,103.03651823435946,1.9253161881352923
2008,Besut,NA,102.5165548255816,5.592496148513997
2008,Bintulu,46.09264705882353,113.4643827049997,3.161374155663838
2008,Jerantut,41.1158357771261,102.55583116571206,4.257283554340091
2008,Kapit,31.722058823529412,113.5124738593169,1.841994069359952
2008,Kemaman,38.03680981595092,103.22607118177245,4.275729149898475
2008,Keningau,39.41140215716487,116.235210531765,5.253512158027202
2008,Klang,57.17794117647059,101.38468603760631,3.0309401772397053
2008,Kota Bharu,37.80564263322884,102.26540134582463,6.0431800118057675
2008,Kota Kinabalu,31.698670605613,116.16124699448338,6.008151152151239
2008,Kota Tinggi,48.70506912442397,103.9481044360017,1.7648911239531757
2008,Kuala Selangor,43.11669128508124,101.32683495745584,3.3888869544822664
2008,Kuala Terengganu,48.3134110787172,103.03199254228551,5.340495570132848
2008,Kuching,35.905660377358494,110.32774503616919,1.430255494852472
2008,Kulim,NA,100.64879046435199,5.401302438711189
2008,Labuan,34.15028901734104,115.21779042654252,5.30907319055571
2008,Langkawi,31.85358711566618,99.79176518355548,6.346051104610368
2008,Limbang,26.89589442815249,115.12581873479897,4.297707878503285
2008,Miri,28.251445086705203,113.83009255767992,3.872786700204331
2008,Muar,46.089595375722546,102.784470961642,2.1235410179755476
2008,Mukah,NA,112.36852928091876,2.827111406398952
2008,Port Dickson,42.16307692307692,101.89188727707598,2.534686195212239
2008,Putrajaya,43.16350364963504,101.68379629061687,2.905215067905225
2008,Rompin,NA,103.1129574763459,2.8677544914379762
2008,Samarahan,45.0131195335277,110.4991036212275,1.4499356637704581
2008,Sandakan,33.58806404657933,117.99163300648534,5.766036621925741
2008,Sarikei,35.794871794871796,111.4572208036536,2.0529090715680454
2008,Segamat,NA,102.9643149327574,2.480307404961934
2008,Seremban,40.234693877551024,101.91826357112382,2.7518125840143757
2008,Sibu,36.62297496318115,111.90045643797691,2.304085541836012
2008,Sri Aman,30.742603550295858,111.50957152993533,1.2550577881827913
2008,Tanah Merah,46.9841726618705,102.03619054808736,5.752417313036922
2008,Tawau,38.590308370044056,117.63851896977503,4.483228351309785
2008,Temerloh,NA,102.26564756198214,3.5910977416483174
2009,Alor Gajah,NA,102.1979224769679,2.3834383243094655
2009,Batu Pahat,NA,103.03651823435946,1.9253161881352923
2009,Besut,NA,102.5165548255816,5.592496148513997
2009,Bintulu,47.142011834319526,113.4643827049997,3.161374155663838
2009,Jerantut,34.66347305389222,102.55583116571206,4.257283554340091
2009,Kapit,38.708536585365856,113.5124738593169,1.841994069359952
2009,Kemaman,36.1188475390156,103.22607118177245,4.275729149898475
2009,Keningau,43.404884318766065,116.235210531765,5.253512158027202
2009,Klang,56.75753920386007,101.38468603760631,3.0309401772397053
2009,Kota Bharu,40.97460701330109,102.26540134582463,6.0431800118057675
2009,Kota Kinabalu,33.73670886075949,116.16124699448338,6.008151152151239
2009,Kota Tinggi,47.10082063305979,103.9481044360017,1.7648911239531757
2009,Kuala Selangor,48.42738095238095,101.32683495745584,3.3888869544822664
2009,Kuala Terengganu,46.14101057579318,103.03199254228551,5.340495570132848
2009,Kuching,33.833531510107015,110.32774503616919,1.430255494852472
2009,Kulim,NA,100.64879046435199,5.401302438711189
2009,Labuan,39.09638554216867,115.21779042654252,5.30907319055571
2009,Langkawi,32.59615384615385,99.79176518355548,6.346051104610368
2009,Limbang,24.864123957091778,115.12581873479897,4.297707878503285
2009,Miri,35.27619047619048,113.83009255767992,3.872786700204331
2009,Muar,48.23186682520809,102.784470961642,2.1235410179755476
2009,Mukah,NA,112.36852928091876,2.827111406398952
2009,Port Dickson,47.8479809976247,101.89188727707598,2.534686195212239
2009,Putrajaya,41.3611442193087,101.68379629061687,2.905215067905225
2009,Rompin,NA,103.1129574763459,2.8677544914379762
2009,Samarahan,50.00709219858156,110.4991036212275,1.4499356637704581
2009,Sandakan,28.3768115942029,117.99163300648534,5.766036621925741
2009,Sarikei,38.920481927710846,111.4572208036536,2.0529090715680454
2009,Segamat,NA,102.9643149327574,2.480307404961934
2009,Seremban,41.10570071258907,101.91826357112382,2.7518125840143757
2009,Sibu,42.2210401891253,111.90045643797691,2.304085541836012
2009,Sri Aman,36.14846625766871,111.50957152993533,1.2550577881827913
2009,Tanah Merah,49.68261964735516,102.03619054808736,5.752417313036922
2009,Tawau,39.95817958179582,117.63851896977503,4.483228351309785
2009,Temerloh,NA,102.26564756198214,3.5910977416483174
2010,Alor Gajah,NA,102.1979224769679,2.3834383243094655
2010,Batu Pahat,NA,103.03651823435946,1.9253161881352923
2010,Besut,NA,102.5165548255816,5.592496148513997
2010,Bintulu,40.84240150093809,113.4643827049997,3.161374155663838
2010,Jerantut,33.66828322017459,102.55583116571206,4.257283554340091
2010,Kapit,30.106614017769004,113.5124738593169,1.841994069359952
2010,Kemaman,35.14036786060019,103.22607118177245,4.275729149898475
2010,Keningau,32.58671952428147,116.235210531765,5.253512158027202
2010,Klang,53.970782280867105,101.38468603760631,3.0309401772397053
2010,Kota Bharu,40.84966698382493,102.26540134582463,6.0431800118057675
2010,Kota Kinabalu,35.84592445328032,116.16124699448338,6.008151152151239
2010,Kota Tinggi,43.68867924528302,103.9481044360017,1.7648911239531757
2010,Kuala Selangor,39.34720908230842,101.32683495745584,3.3888869544822664
2010,Kuala Terengganu,47.36921624173749,103.03199254228551,5.340495570132848
2010,Kuching,24.803809523809523,110.32774503616919,1.430255494852472
2010,Kulim,NA,100.64879046435199,5.401302438711189
2010,Labuan,39.3476599808978,115.21779042654252,5.30907319055571
2010,Langkawi,30.88061127029608,99.79176518355548,6.346051104610368
2010,Limbang,24.51819075712881,115.12581873479897,4.297707878503285
2010,Miri,24.762039660056654,113.83009255767992,3.872786700204331
2010,Muar,46.98675496688742,102.784470961642,2.1235410179755476
2010,Mukah,NA,112.36852928091876,2.827111406398952
2010,Port Dickson,45.70275403608737,101.89188727707598,2.534686195212239
2010,Putrajaya,41.251694094869315,101.68379629061687,2.905215067905225
2010,Rompin,NA,103.1129574763459,2.8677544914379762
2010,Samarahan,42.36440677966102,110.4991036212275,1.4499356637704581
2010,Sandakan,27.38888888888889,117.99163300648534,5.766036621925741
2010,Sarikei,31.132057416267944,111.4572208036536,2.0529090715680454
2010,Segamat,NA,102.9643149327574,2.480307404961934
2010,Seremban,40.65681601525262,101.91826357112382,2.7518125840143757
2010,Sibu,35.433837429111534,111.90045643797691,2.304085541836012
2010,Sri Aman,28.052785923753667,111.50957152993533,1.2550577881827913
2010,Tanah Merah,50.9859943977591,102.03619054808736,5.752417313036922
2010,Tawau,37.79114533205005,117.63851896977503,4.483228351309785
2010,Temerloh,NA,102.26564756198214,3.5910977416483174
2011,Alor Gajah,NA,102.1979224769679,2.3834383243094655
2011,Batu Pahat,NA,103.03651823435946,1.9253161881352923
2011,Besut,NA,102.5165548255816,5.592496148513997
2011,Bintulu,45.02048417132216,113.4643827049997,3.161374155663838
2011,Jerantut,35.66,102.55583116571206,4.257283554340091
2011,Kapit,33.78727841501564,113.5124738593169,1.841994069359952
2011,Kemaman,40.974559686888455,103.22607118177245,4.275729149898475
2011,Keningau,31.33431661750246,116.235210531765,5.253512158027202
2011,Klang,55.27449168207024,101.38468603760631,3.0309401772397053
2011,Kota Bharu,44.79046673286991,102.26540134582463,6.0431800118057675
2011,Kota Kinabalu,33.9382957884427,116.16124699448338,6.008151152151239
2011,Kota Tinggi,46.45648148148148,103.9481044360017,1.7648911239531757
2011,Kuala Selangor,47.33826247689464,101.32683495745584,3.3888869544822664
2011,Kuala Terengganu,49.08434864104967,103.03199254228551,5.340495570132848
2011,Kuching,36.23822975517891,110.32774503616919,1.430255494852472
2011,Kulim,NA,100.64879046435199,5.401302438711189
2011,Labuan,40.168099331423115,115.21779042654252,5.30907319055571
2011,Langkawi,32.51690821256039,99.79176518355548,6.346051104610368
2011,Limbang,27.771296296296295,115.12581873479897,4.297707878503285
2011,Miri,31.6804788213628,113.83009255767992,3.872786700204331
2011,Muar,48.70860314523589,102.784470961642,2.1235410179755476
2011,Mukah,NA,112.36852928091876,2.827111406398952
2011,Port Dickson,49.930516431924886,101.89188727707598,2.534686195212239
2011,Putrajaya,40.97483059051307,101.68379629061687,2.905215067905225
2011,Rompin,NA,103.1129574763459,2.8677544914379762
2011,Samarahan,44.620527306967986,110.4991036212275,1.4499356637704581
2011,Sandakan,33.469043151969984,117.99163300648534,5.766036621925741
2011,Sarikei,40.4058106841612,111.4572208036536,2.0529090715680454
2011,Segamat,NA,102.9643149327574,2.480307404961934
2011,Seremban,42.50844277673546,101.91826357112382,2.7518125840143757
2011,Sibu,37.00277008310249,111.90045643797691,2.304085541836012
2011,Sri Aman,32.91155046826223,111.50957152993533,1.2550577881827913
2011,Tanah Merah,55.224074074074075,102.03619054808736,5.752417313036922
2011,Tawau,36.63627906976744,117.63851896977503,4.483228351309785
2011,Temerloh,NA,102.26564756198214,3.5910977416483174
2012,Alor Gajah,NA,102.1979224769679,2.3834383243094655
2012,Batu Pahat,NA,103.03651823435946,1.9253161881352923
2012,Besut,NA,102.5165548255816,5.592496148513997
2012,Bintulu,39.924528301886795,113.4643827049997,3.161374155663838
2012,Jerantut,33.74952380952381,102.55583116571206,4.257283554340091
2012,Kapit,37.48289345063539,113.5124738593169,1.841994069359952
2012,Kemaman,52.24399260628466,103.22607118177245,4.275729149898475
2012,Keningau,31.603846153846153,116.235210531765,5.253512158027202
2012,Klang,54.09023255813953,101.38468603760631,3.0309401772397053
2012,Kota Bharu,35.39518900343643,102.26540134582463,6.0431800118057675
2012,Kota Kinabalu,34.80769230769231,116.16124699448338,6.008151152151239
2012,Kota Tinggi,46.807799442896936,103.9481044360017,1.7648911239531757
2012,Kuala Selangor,41.72248803827751,101.32683495745584,3.3888869544822664
2012,Kuala Terengganu,48.40091743119266,103.03199254228551,5.340495570132848
2012,Kuching,40.93824884792627,110.32774503616919,1.430255494852472
2012,Kulim,NA,100.64879046435199,5.401302438711189
2012,Labuan,34.88169014084507,115.21779042654252,5.30907319055571
2012,Langkawi,35.694524495677236,99.79176518355548,6.346051104610368
2012,Limbang,28.094196003805894,115.12581873479897,4.297707878503285
2012,Miri,34.17706422018349,113.83009255767992,3.872786700204331
2012,Muar,44.23034227567067,102.784470961642,2.1235410179755476
2012,Mukah,NA,112.36852928091876,2.827111406398952
2012,Port Dickson,48.43190298507463,101.89188727707598,2.534686195212239
2012,Putrajaya,38.89790076335878,101.68379629061687,2.905215067905225
2012,Rompin,NA,103.1129574763459,2.8677544914379762
2012,Samarahan,43.91984732824427,110.4991036212275,1.4499356637704581
2012,Sandakan,33.00840336134454,117.99163300648534,5.766036621925741
2012,Sarikei,43.333333333333336,111.4572208036536,2.0529090715680454
2012,Segamat,NA,102.9643149327574,2.480307404961934
2012,Seremban,42.73452157598499,101.91826357112382,2.7518125840143757
2012,Sibu,34.49814814814815,111.90045643797691,2.304085541836012
2012,Sri Aman,31.95984703632887,111.50957152993533,1.2550577881827913
2012,Tanah Merah,52.88909426987061,102.03619054808736,5.752417313036922
2012,Tawau,35.62656400384986,117.63851896977503,4.483228351309785
2012,Temerloh,NA,102.26564756198214,3.5910977416483174
2013,Alor Gajah,NA,102.1979224769679,2.3834383243094655
2013,Batu Pahat,NA,103.03651823435946,1.9253161881352923
2013,Besut,NA,102.5165548255816,5.592496148513997
2013,Bintulu,35.629303278688525,113.4643827049997,3.161374155663838
2013,Jerantut,33.289221556886226,102.55583116571206,4.257283554340091
2013,Kapit,34.59189895470383,113.5124738593169,1.841994069359952
2013,Kemaman,49.23107971745711,103.22607118177245,4.275729149898475
2013,Keningau,32.53627888123226,116.235210531765,5.253512158027202
2013,Klang,56.67429038186645,101.38468603760631,3.0309401772397053
2013,Kota Bharu,40.36146529042704,102.26540134582463,6.0431800118057675
2013,Kota Kinabalu,35.96156269691242,116.16124699448338,6.008151152151239
2013,Kota Tinggi,44.48581135091926,103.9481044360017,1.7648911239531757
2013,Kuala Selangor,36.55395395395395,101.32683495745584,3.3888869544822664
2013,Kuala Terengganu,48.742574257425744,103.03199254228551,5.340495570132848
2013,Kuching,34.848430313937214,110.32774503616919,1.430255494852472
2013,Kulim,NA,100.64879046435199,5.401302438711189
2013,Labuan,35.13692029712909,115.21779042654252,5.30907319055571
2013,Langkawi,38.14769730168391,99.79176518355548,6.346051104610368
2013,Limbang,31.314939709789495,115.12581873479897,4.297707878503285
2013,Miri,31.187104430379748,113.83009255767992,3.872786700204331
2013,Muar,45.34623217922607,102.784470961642,2.1235410179755476
2013,Mukah,NA,112.36852928091876,2.827111406398952
2013,Port Dickson,44.88605788830005,101.89188727707598,2.534686195212239
2013,Putrajaya,40.736,101.68379629061687,2.905215067905225
2013,Rompin,NA,103.1129574763459,2.8677544914379762
2013,Samarahan,42.20600858369099,110.4991036212275,1.4499356637704581
2013,Sandakan,37.100356294536816,117.99163300648534,5.766036621925741
2013,Sarikei,38.56793862305673,111.4572208036536,2.0529090715680454
2013,Segamat,NA,102.9643149327574,2.480307404961934
2013,Seremban,45.785872855701314,101.91826357112382,2.7518125840143757
2013,Sibu,33.2347754767275,111.90045643797691,2.304085541836012
2013,Sri Aman,35.59179963643708,111.50957152993533,1.2550577881827913
2013,Tanah Merah,42.01589193484307,102.03619054808736,5.752417313036922
2013,Tawau,32.38444308694767,117.63851896977503,4.483228351309785
2013,Temerloh,NA,102.26564756198214,3.5910977416483174
2014,Alor Gajah,NA,102.1979224769679,2.3834383243094655
2014,Batu Pahat,NA,103.03651823435946,1.9253161881352923
2014,Besut,NA,102.5165548255816,5.592496148513997
2014,Bintulu,38.41736792893876,113.4643827049997,3.161374155663838
2014,Jerantut,33.4394170877894,102.55583116571206,4.257283554340091
2014,Kapit,31.383552717320473,113.5124738593169,1.841994069359952
2014,Kemaman,50.16274694261524,103.22607118177245,4.275729149898475
2014,Keningau,32.77260573650948,116.235210531765,5.253512158027202
2014,Klang,59.87946635730859,101.38468603760631,3.0309401772397053
2014,Kota Bharu,39.87084916064208,102.26540134582463,6.0431800118057675
2014,Kota Kinabalu,34.68539595064095,116.16124699448338,6.008151152151239
2014,Kota Tinggi,38.49010302118301,103.9481044360017,1.7648911239531757
2014,Kuala Selangor,41.16529117749622,101.32683495745584,3.3888869544822664
2014,Kuala Terengganu,31.43515954244431,103.03199254228551,5.340495570132848
2014,Kuching,35.975327957636296,110.32774503616919,1.430255494852472
2014,Kulim,NA,100.64879046435199,5.401302438711189
2014,Labuan,32.18640273359255,115.21779042654252,5.30907319055571
2014,Langkawi,30.697551833196673,99.79176518355548,6.346051104610368
2014,Limbang,30.168582375478927,115.12581873479897,4.297707878503285
2014,Miri,35.25028610666056,113.83009255767992,3.872786700204331
2014,Muar,45.43978877281598,102.784470961642,2.1235410179755476
2014,Mukah,NA,112.36852928091876,2.827111406398952
2014,Port Dickson,45.311947931194794,101.89188727707598,2.534686195212239
2014,Putrajaya,44.85459062943682,101.68379629061687,2.905215067905225
2014,Rompin,NA,103.1129574763459,2.8677544914379762
2014,Samarahan,38.46056009334889,110.4991036212275,1.4499356637704581
2014,Sandakan,31.811629526462397,117.99163300648534,5.766036621925741
2014,Sarikei,32.89589008646216,111.4572208036536,2.0529090715680454
2014,Segamat,NA,102.9643149327574,2.480307404961934
2014,Seremban,47.031912415560214,101.91826357112382,2.7518125840143757
2014,Sibu,38.44159907300116,111.90045643797691,2.304085541836012
2014,Sri Aman,39.144640753828035,111.50957152993533,1.2550577881827913
2014,Tanah Merah,37.60382255781029,102.03619054808736,5.752417313036922
2014,Tawau,29.891898428053203,117.63851896977503,4.483228351309785
2014,Temerloh,NA,102.26564756198214,3.5910977416483174
2015,Alor Gajah,NA,102.1979224769679,2.3834383243094655
2015,Batu Pahat,NA,103.03651823435946,1.9253161881352923
2015,Besut,NA,102.5165548255816,5.592496148513997
2015,Bintulu,42.21067487811137,113.4643827049997,3.161374155663838
2015,Jerantut,41.07657770017461,102.55583116571206,4.257283554340091
2015,Kapit,34.43440391943386,113.5124738593169,1.841994069359952
2015,Kemaman,49.68398268398269,103.22607118177245,4.275729149898475
2015,Keningau,31.919957593426982,116.235210531765,5.253512158027202
2015,Klang,57.511104863649145,101.38468603760631,3.0309401772397053
2015,Kota Bharu,60.91857768616336,102.26540134582463,6.0431800118057675
2015,Kota Kinabalu,41.69827349958893,116.16124699448338,6.008151152151239
2015,Kota Tinggi,42.64283897227169,103.9481044360017,1.7648911239531757
2015,Kuala Selangor,39.87236877164935,101.32683495745584,3.3888869544822664
2015,Kuala Terengganu,46.35624052551794,103.03199254228551,5.340495570132848
2015,Kuching,36.05133028755711,110.32774503616919,1.430255494852472
2015,Kulim,NA,100.64879046435199,5.401302438711189
2015,Labuan,37.79288597376387,115.21779042654252,5.30907319055571
2015,Langkawi,42.55951478392722,99.79176518355548,6.346051104610368
2015,Limbang,29.083224286835907,115.12581873479897,4.297707878503285
2015,Miri,38.04069478908188,113.83009255767992,3.872786700204331
2015,Muar,45.824310776942355,102.784470961642,2.1235410179755476
2015,Mukah,NA,112.36852928091876,2.827111406398952
2015,Port Dickson,43.8,101.89188727707598,2.534686195212239
2015,Putrajaya,48.09750566893424,101.68379629061687,2.905215067905225
2015,Rompin,NA,103.1129574763459,2.8677544914379762
2015,Samarahan,42.717922345075856,110.4991036212275,1.4499356637704581
2015,Sandakan,32.40626579080344,117.99163300648534,5.766036621925741
2015,Sarikei,36.651804123711344,111.4572208036536,2.0529090715680454
2015,Segamat,NA,102.9643149327574,2.480307404961934
2015,Seremban,46.2919594067135,101.91826357112382,2.7518125840143757
2015,Sibu,38.46886258363356,111.90045643797691,2.304085541836012
2015,Sri Aman,31.81442233135177,111.50957152993533,1.2550577881827913
2015,Tanah Merah,52.029957582184515,102.03619054808736,5.752417313036922
2015,Tawau,30.375752814873003,117.63851896977503,4.483228351309785
2015,Temerloh,NA,102.26564756198214,3.5910977416483174
2016,Alor Gajah,NA,102.1979224769679,2.3834383243094655
2016,Batu Pahat,NA,103.03651823435946,1.9253161881352923
2016,Besut,NA,102.5165548255816,5.592496148513997
2016,Bintulu,39.9207650273224,113.4643827049997,3.161374155663838
2016,Jerantut,29.483606557377048,102.55583116571206,4.257283554340091
2016,Kapit,28.303030303030305,113.5124738593169,1.841994069359952
2016,Kemaman,46.95068493150685,103.22607118177245,4.275729149898475
2016,Keningau,29.524725274725274,116.235210531765,5.253512158027202
2016,Klang,52.595628415300546,101.38468603760631,3.0309401772397053
2016,Kota Bharu,43.14876033057851,102.26540134582463,6.0431800118057675
2016,Kota Kinabalu,40.20218579234973,116.16124699448338,6.008151152151239
2016,Kota Tinggi,45.131147540983605,103.9481044360017,1.7648911239531757
2016,Kuala Selangor,36.72576177285318,101.32683495745584,3.3888869544822664
2016,Kuala Terengganu,38.38251366120219,103.03199254228551,5.340495570132848
2016,Kuching,33.19125683060109,110.32774503616919,1.430255494852472
2016,Kulim,NA,100.64879046435199,5.401302438711189
2016,Labuan,26.603825136612024,115.21779042654252,5.30907319055571
2016,Langkawi,47.77049180327869,99.79176518355548,6.346051104610368
2016,Limbang,27.62130177514793,115.12581873479897,4.297707878503285
2016,Miri,38.73224043715847,113.83009255767992,3.872786700204331
2016,Muar,35.14207650273224,102.784470961642,2.1235410179755476
2016,Mukah,NA,112.36852928091876,2.827111406398952
2016,Port Dickson,40.27197802197802,101.89188727707598,2.534686195212239
2016,Putrajaya,45.662049861495845,101.68379629061687,2.905215067905225
2016,Rompin,NA,103.1129574763459,2.8677544914379762
2016,Samarahan,39.65469613259668,110.4991036212275,1.4499356637704581
2016,Sandakan,26.71584699453552,117.99163300648534,5.766036621925741
2016,Sarikei,36.61538461538461,111.4572208036536,2.0529090715680454
2016,Segamat,NA,102.9643149327574,2.480307404961934
2016,Seremban,37.395604395604394,101.91826357112382,2.7518125840143757
2016,Sibu,34.90684931506849,111.90045643797691,2.304085541836012
2016,Sri Aman,26.666666666666668,111.50957152993533,1.2550577881827913
2016,Tanah Merah,35.206043956043956,102.03619054808736,5.752417313036922
2016,Tawau,29.702185792349727,117.63851896977503,4.483228351309785
2016,Temerloh,NA,102.26564756198214,3.5910977416483174
2017,Alor Gajah,25.27091963545982,102.1979224769679,2.3834383243094655
2017,Batu Pahat,23.716657834304893,103.03651823435946,1.9253161881352923
2017,Besut,19.817680510080994,102.5165548255816,5.592496148513997
2017,Bintulu,30.223125884016973,113.4643827049997,3.161374155663838
2017,Jerantut,23.629362670713203,102.55583116571206,4.257283554340091
2017,Kapit,18.327430293896008,113.5124738593169,1.841994069359952
2017,Kemaman,28.524628252788105,103.22607118177245,4.275729149898475
2017,Keningau,21.812398984068345,116.235210531765,5.253512158027202
2017,Klang,NA,101.38468603760631,3.0309401772397053
2017,Kota Bharu,31.48612884503773,102.26540134582463,6.0431800118057675
2017,Kota Kinabalu,24.94950175060598,116.16124699448338,6.008151152151239
2017,Kota Tinggi,27.42795871867042,103.9481044360017,1.7648911239531757
2017,Kuala Selangor,NA,101.32683495745584,3.3888869544822664
2017,Kuala Terengganu,27.939670712654728,103.03199254228551,5.340495570132848
2017,Kuching,22.144795263936853,110.32774503616919,1.430255494852472
2017,Kulim,20.99775591230796,100.64879046435199,5.401302438711189
2017,Labuan,NA,115.21779042654252,5.30907319055571
2017,Langkawi,27.00836081017428,99.79176518355548,6.346051104610368
2017,Limbang,17.44205688734319,115.12581873479897,4.297707878503285
2017,Miri,20.310348797053067,113.83009255767992,3.872786700204331
2017,Muar,27.5413870246085,102.784470961642,2.1235410179755476
2017,Mukah,17.63745609169902,112.36852928091876,2.827111406398952
2017,Port Dickson,30.380248651184612,101.89188727707598,2.534686195212239
2017,Putrajaya,34.34298817282163,101.68379629061687,2.905215067905225
2017,Rompin,22.078808788814236,103.1129574763459,2.8677544914379762
2017,Samarahan,20.853958792276792,110.4991036212275,1.4499356637704581
2017,Sandakan,23.753148290927783,117.99163300648534,5.766036621925741
2017,Sarikei,20.64081434803684,111.4572208036536,2.0529090715680454
2017,Segamat,26.622889305816138,102.9643149327574,2.480307404961934
2017,Seremban,28.099766081871344,101.91826357112382,2.7518125840143757
2017,Sibu,22.61202057998129,111.90045643797691,2.304085541836012
2017,Sri Aman,17.53598363799054,111.50957152993533,1.2550577881827913
2017,Tanah Merah,26.443341404358353,102.03619054808736,5.752417313036922
2017,Tawau,22.478583517771124,117.63851896977503,4.483228351309785
2017,Temerloh,27.70844819198962,102.26564756198214,3.5910977416483174
2018,Alor Gajah,34.75046468401487,102.1979224769679,2.3834383243094655
2018,Batu Pahat,33.73713807130893,103.03651823435946,1.9253161881352923
2018,Besut,30.6701256773896,102.5165548255816,5.592496148513997
2018,Bintulu,35.06007820831852,113.4643827049997,3.161374155663838
2018,Jerantut,26.87449110154705,102.55583116571206,4.257283554340091
2018,Kapit,24.51151500062243,113.5124738593169,1.841994069359952
2018,Kemaman,32.74840579710145,103.22607118177245,4.275729149898475
2018,Keningau,29.465457992653157,116.235210531765,5.253512158027202
2018,Klang,49.10914591575518,101.38468603760631,3.0309401772397053
2018,Kota Bharu,33.24610011641443,102.26540134582463,6.0431800118057675
2018,Kota Kinabalu,30.128011336797353,116.16124699448338,6.008151152151239
2018,Kota Tinggi,30.475663206459053,103.9481044360017,1.7648911239531757
2018,Kuala Selangor,35.39240801117839,101.32683495745584,3.3888869544822664
2018,Kuala Terengganu,33.03158019707943,103.03199254228551,5.340495570132848
2018,Kuching,32.575203994641335,110.32774503616919,1.430255494852472
2018,Kulim,32.27014499643452,100.64879046435199,5.401302438711189
2018,Labuan,29.372802344166224,115.21779042654252,5.30907319055571
2018,Langkawi,29.162352379816294,99.79176518355548,6.346051104610368
2018,Limbang,23.54973943254198,115.12581873479897,4.297707878503285
2018,Miri,32.809742647058826,113.83009255767992,3.872786700204331
2018,Muar,24.233723958333332,102.784470961642,2.1235410179755476
2018,Mukah,29.837074078381207,112.36852928091876,2.827111406398952
2018,Port Dickson,37.14044619119177,101.89188727707598,2.534686195212239
2018,Putrajaya,41.70198827720952,101.68379629061687,2.905215067905225
2018,Rompin,31.60027083589807,103.1129574763459,2.8677544914379762
2018,Samarahan,27.757449344457687,110.4991036212275,1.4499356637704581
2018,Sandakan,27.043177480916032,117.99163300648534,5.766036621925741
2018,Sarikei,27.59183438757907,111.4572208036536,2.0529090715680454
2018,Segamat,35.52545348156817,102.9643149327574,2.480307404961934
2018,Seremban,34.715552927261975,101.91826357112382,2.7518125840143757
2018,Sibu,32.918622300058374,111.90045643797691,2.304085541836012
2018,Sri Aman,25.519660937132095,111.50957152993533,1.2550577881827913
2018,Tanah Merah,34.82854799015587,102.03619054808736,5.752417313036922
2018,Tawau,22.00430432759423,117.63851896977503,4.483228351309785
2018,Temerloh,35.24474474474474,102.26564756198214,3.5910977416483174
2019,Alor Gajah,59.20627853881278,102.1979224769679,2.3834383243094655
2019,Batu Pahat,55.897260273972606,103.03651823435946,1.9253161881352923
2019,Besut,47.58002283105023,102.5165548255816,5.592496148513997
2019,Bintulu,53.78824200913242,113.4643827049997,3.161374155663838
2019,Jerantut,49.45365296803653,102.55583116571206,4.257283554340091
2019,Kapit,37.59771689497717,113.5124738593169,1.841994069359952
2019,Kemaman,54.3986301369863,103.22607118177245,4.275729149898475
2019,Keningau,45.21940639269406,116.235210531765,5.253512158027202
2019,Klang,67.74129638112689,101.38468603760631,3.0309401772397053
2019,Kota Bharu,54.75445205479452,102.26540134582463,6.0431800118057675
2019,Kota Kinabalu,44.7046803652968,116.16124699448338,6.008151152151239
2019,Kota Tinggi,46.20192197689052,103.9481044360017,1.7648911239531757
2019,Kuala Selangor,59.18778538812786,101.32683495745584,3.3888869544822664
2019,Kuala Terengganu,54.028424657534245,103.03199254228551,5.340495570132848
2019,Kuching,53.4714008448453,110.32774503616919,1.430255494852472
2019,Kulim,52.21335616438356,100.64879046435199,5.401302438711189
2019,Labuan,45.085150332797795,115.21779042654252,5.30907319055571
2019,Langkawi,46.59337899543379,99.79176518355548,6.346051104610368
2019,Limbang,38.23858447488585,115.12581873479897,4.297707878503285
2019,Miri,55.38093607305936,113.83009255767992,3.872786700204331
2019,Muar,NA,102.784470961642,2.1235410179755476
2019,Mukah,41.39246575342466,112.36852928091876,2.827111406398952
2019,Port Dickson,59.196545017732525,101.89188727707598,2.534686195212239
2019,Putrajaya,65.64668192219679,101.68379629061687,2.905215067905225
2019,Rompin,58.75342465753425,103.1129574763459,2.8677544914379762
2019,Samarahan,42.632990867579906,110.4991036212275,1.4499356637704581
2019,Sandakan,41.83314259555962,117.99163300648534,5.766036621925741
2019,Sarikei,46.4635232332458,111.4572208036536,2.0529090715680454
2019,Segamat,57.96073059360731,102.9643149327574,2.480307404961934
2019,Seremban,57.20627853881278,101.91826357112382,2.7518125840143757
2019,Sibu,52.58413242009132,111.90045643797691,2.304085541836012
2019,Sri Aman,52.009185899644045,111.50957152993533,1.2550577881827913
2019,Tanah Merah,53.571019800846976,102.03619054808736,5.752417313036922
2019,Tawau,34.87545662100457,117.63851896977503,4.483228351309785
2019,Temerloh,58.03630136986301,102.26564756198214,3.5910977416483174
2020,Alor Gajah,45.49319144066827,102.1979224769679,2.3834383243094655
2020,Batu Pahat,41.154514285714285,103.03651823435946,1.9253161881352923
2020,Besut,41.73752860411899,102.5165548255816,5.592496148513997
2020,Bintulu,42.446285714285715,113.4643827049997,3.161374155663838
2020,Jerantut,44.60935177775237,102.55583116571206,4.257283554340091
2020,Kapit,26.339085714285716,113.5124738593169,1.841994069359952
2020,Kemaman,44.63131428571428,103.22607118177245,4.275729149898475
2020,Keningau,38.6976,116.235210531765,5.253512158027202
2020,Klang,62.510115441764775,101.38468603760631,3.0309401772397053
2020,Kota Bharu,49.28280749885688,102.26540134582463,6.0431800118057675
2020,Kota Kinabalu,31.669028571428573,116.16124699448338,6.008151152151239
2020,Kota Tinggi,33.82386558463824,103.9481044360017,1.7648911239531757
2020,Kuala Selangor,51.465828571428574,101.32683495745584,3.3888869544822664
2020,Kuala Terengganu,49.40843621399177,103.03199254228551,5.340495570132848
2020,Kuching,36.03668571428572,110.32774503616919,1.430255494852472
2020,Kulim,46.7224,100.64879046435199,5.401302438711189
2020,Labuan,40.92310332990045,115.21779042654252,5.30907319055571
2020,Langkawi,38.651314285714285,99.79176518355548,6.346051104610368
2020,Limbang,27.016,115.12581873479897,4.297707878503285
2020,Miri,45.87737142857143,113.83009255767992,3.872786700204331
2020,Muar,NA,102.784470961642,2.1235410179755476
2020,Mukah,26.85531428571429,112.36852928091876,2.827111406398952
2020,Port Dickson,47.793257142857144,101.89188727707598,2.534686195212239
2020,Putrajaya,54.30341831485081,101.68379629061687,2.905215067905225
2020,Rompin,41.99417142857143,103.1129574763459,2.8677544914379762
2020,Samarahan,28.72050754458162,110.4991036212275,1.4499356637704581
2020,Sandakan,38.31923648416962,117.99163300648534,5.766036621925741
2020,Sarikei,29.055085714285713,111.4572208036536,2.0529090715680454
2020,Segamat,47.18024917133387,102.9643149327574,2.480307404961934
2020,Seremban,47.193714285714286,101.91826357112382,2.7518125840143757
2020,Sibu,33.70285714285714,111.90045643797691,2.304085541836012
2020,Sri Aman,30.1768,111.50957152993533,1.2550577881827913
2020,Tanah Merah,49.86150503202196,102.03619054808736,5.752417313036922
2020,Tawau,27.64016064257028,117.63851896977503,4.483228351309785
2020,Temerloh,48.87278546119556,102.26564756198214,3.5910977416483174
2021,Alor Gajah,49.29975964289802,102.1979224769679,2.3834383243094655
2021,Batu Pahat,46.20627853881278,103.03651823435946,1.9253161881352923
2021,Besut,41.96643835616438,102.5165548255816,5.592496148513997
2021,Bintulu,44.99360657609317,113.4643827049997,3.161374155663838
2021,Jerantut,46.26864988558352,102.55583116571206,4.257283554340091
2021,Kapit,29.03835616438356,113.5124738593169,1.841994069359952
2021,Kemaman,41.17716894977169,103.22607118177245,4.275729149898475
2021,Keningau,39.7685619494337,116.235210531765,5.253512158027202
2021,Klang,69.7208904109589,101.38468603760631,3.0309401772397053
2021,Kota Bharu,51.37413713759779,102.26540134582463,6.0431800118057675
2021,Kota Kinabalu,31.682608695652178,116.16124699448338,6.008151152151239
2021,Kota Tinggi,40.21240558480201,103.9481044360017,1.7648911239531757
2021,Kuala Selangor,55.42966781214203,101.32683495745584,3.3888869544822664
2021,Kuala Terengganu,51.8723087494274,103.03199254228551,5.340495570132848
2021,Kuching,34.147488584474885,110.32774503616919,1.430255494852472
2021,Kulim,43.93857746318073,100.64879046435199,5.401302438711189
2021,Labuan,43.54703196347032,115.21779042654252,5.30907319055571
2021,Langkawi,36.149086757990865,99.79176518355548,6.346051104610368
2021,Limbang,30.871152305755807,115.12581873479897,4.297707878503285
2021,Miri,45.289840182648405,113.83009255767992,3.872786700204331
2021,Muar,NA,102.784470961642,2.1235410179755476
2021,Mukah,30.333448117539028,112.36852928091876,2.827111406398952
2021,Port Dickson,51.92557077625571,101.89188727707598,2.534686195212239
2021,Putrajaya,53.546733783319986,101.68379629061687,2.905215067905225
2021,Rompin,56.35049776862341,103.1129574763459,2.8677544914379762
2021,Samarahan,33.21976384271466,110.4991036212275,1.4499356637704581
2021,Sandakan,32.144748858447485,117.99163300648534,5.766036621925741
2021,Sarikei,34.11774802608994,111.4572208036536,2.0529090715680454
2021,Segamat,48.17545662100456,102.9643149327574,2.480307404961934
2021,Seremban,48.22511415525114,101.91826357112382,2.7518125840143757
2021,Sibu,32.090307112684094,111.90045643797691,2.304085541836012
2021,Sri Aman,32.33881278538813,111.50957152993533,1.2550577881827913
2021,Tanah Merah,49.14148351648352,102.03619054808736,5.752417313036922
2021,Tawau,29.401098272508865,117.63851896977503,4.483228351309785
2021,Temerloh,48.71766994735638,102.26564756198214,3.5910977416483174
2022,Alor Gajah,43.72485894457351,102.1979224769679,2.3834383243094655
2022,Batu Pahat,39.411645910467854,103.03651823435946,1.9253161881352923
2022,Besut,46.89815425181279,102.5165548255816,5.592496148513997
2022,Bintulu,48.396082337317395,113.4643827049997,3.161374155663838
2022,Jerantut,41.03268206039076,102.55583116571206,4.257283554340091
2022,Kapit,35.77637690776377,113.5124738593169,1.841994069359952
2022,Kemaman,36.80166666666667,103.22607118177245,4.275729149898475
2022,Keningau,33.340375586854464,116.235210531765,5.253512158027202
2022,Klang,63.95290215588723,101.38468603760631,3.0309401772397053
2022,Kota Bharu,53.154251812788395,102.26540134582463,6.0431800118057675
2022,Kota Kinabalu,35.6803305785124,116.16124699448338,6.008151152151239
2022,Kota Tinggi,30.485987471150676,103.9481044360017,1.7648911239531757
2022,Kuala Selangor,55.166666666666664,101.32683495745584,3.3888869544822664
2022,Kuala Terengganu,51.45928123969667,103.03199254228551,5.340495570132848
2022,Kuching,29.682508250825084,110.32774503616919,1.430255494852472
2022,Kulim,50.49901120632828,100.64879046435199,5.401302438711189
2022,Labuan,39.309924167490934,115.21779042654252,5.30907319055571
2022,Langkawi,40.802391232148786,99.79176518355548,6.346051104610368
2022,Limbang,29.009970089730807,115.12581873479897,4.297707878503285
2022,Miri,39.38365194462755,113.83009255767992,3.872786700204331
2022,Muar,NA,102.784470961642,2.1235410179755476
2022,Mukah,30.15909844216109,112.36852928091876,2.827111406398952
2022,Port Dickson,52.9248496993988,101.89188727707598,2.534686195212239
2022,Putrajaya,50.17682317682318,101.68379629061687,2.905215067905225
2022,Rompin,36.068793619142575,103.1129574763459,2.8677544914379762
2022,Samarahan,33.30947511929107,110.4991036212275,1.4499356637704581
2022,Sandakan,32.78978779840849,117.99163300648534,5.766036621925741
2022,Sarikei,43.354463989379354,111.4572208036536,2.0529090715680454
2022,Segamat,40.807514831905074,102.9643149327574,2.480307404961934
2022,Seremban,59.21140380126709,101.91826357112382,2.7518125840143757
2022,Sibu,35.68401856763926,111.90045643797691,2.304085541836012
2022,Sri Aman,35.11107448912327,111.50957152993533,1.2550577881827913
2022,Tanah Merah,53.299306243805745,102.03619054808736,5.752417313036922
2022,Tawau,45.03085600530856,117.63851896977503,4.483228351309785
2022,Temerloh,40.76460878177616,102.26564756198214,3.5910977416483174
